,team,web_name,id_x,chance_of_playing_next_round,now_cost,minutes,team_name,first_name,second_name,full_name,matches,name,link,season,fuzz_ratio
0,1,Özil,1,,70,1439,Arsenal,Mesut,Özil,MesutÖzil,Mesut_Özil,Mesut_Özil,/vaastav/Fantasy-Premier-League/tree/master/data/2017-18/players/Mesut_%C3%96zil,2017-18,89
1,1,David Luiz,3,,55,2809,Arsenal,David,Luiz Moreira Marinho,DavidLuiz Moreira Marinho,David_Luiz Moreira Marinho,David_Luiz Moreira Marinho,/vaastav/Fantasy-Premier-League/tree/master/data/2017-18/players/David_Luiz%20Moreira%20Marinho,2017-18,96
2,1,Aubameyang,4,,120,3136,Arsenal,Pierre-Emerick,Aubameyang,Pierre-EmerickAubameyang,Pierre-Emerick_Aubameyang,Pierre-Emerick_Aubameyang,/vaastav/Fantasy-Premier-League/tree/master/data/2017-18/players/Pierre-Emerick_Aubameyang,2017-18,96
3,1,Cédric,5,,50,1553,Arsenal,Cédric,Soares,CédricSoares,Cédric_Soares,Cédric_Soares,/vaastav/Fantasy-Premier-League/tree/master/data/2017-18/players/C%C3%A9dric_Soares,2017-18,92
4,1,Lacazette,6,,85,1867,Arsenal,Alexandre,Lacazette,AlexandreLacazette,Alexandre_Lacazette,Alexandre_Lacazette,/vaastav/Fantasy-Premier-League/tree/master/data/2017-18/players/Alexandre_Lacazette,2017-18,94
5,1,Mustafi,7,0.0,50,1205,Arsenal,Shkodran,Mustafi,ShkodranMustafi,Shkodran_Mustafi,Shkodran_Mustafi,/vaastav/Fantasy-Premier-League/tree/master/data/2017-18/players/Shkodran_Mustafi,2017-18,93
7,1,Xhaka,9,,55,2586,Arsenal,Granit,Xhaka,GranitXhaka,Granit_Xhaka,Granit_Xhaka,/vaastav/Fantasy-Premier-League/tree/master/data/2017-18/players/Granit_Xhaka,2017-18,91
9,1,Bellerín,11,,50,1156,Arsenal,Héctor,Bellerín,HéctorBellerín,Héctor_Bellerín,Héctor_Bellerín,/vaastav/Fantasy-Premier-League/tree/master/data/2017-18/players/H%C3%A9ctor_Beller%C3%ADn,2017-18,93
10,1,Martínez,12,,45,770,Arsenal,Emiliano,Martínez,EmilianoMartínez,Damian Emiliano_Martinez,Damian Emiliano_Martinez,/vaastav/Fantasy-Premier-League/tree/master/data/2017-18/players/Damian%20Emiliano_Martinez,2017-18,88
11,1,Chambers,13,0.0,45,1102,Arsenal,Calum,Chambers,CalumChambers,Calum_Chambers,Calum_Chambers,/vaastav/Fantasy-Premier-League/tree/master/data/2017-18/players/Calum_Chambers,2017-18,92
12,1,Kolasinac,14,,50,1694,Arsenal,Sead,Kolasinac,SeadKolasinac,Sead_Kolasinac,Sead_Kolasinac,/vaastav/Fantasy-Premier-League/tree/master/data/2017-18/players/Sead_Kolasinac,2017-18,92
13,1,Maitland-Niles,15,,50,1382,Arsenal,Ainsley,Maitland-Niles,AinsleyMaitland-Niles,Ainsley_Maitland-Niles,Ainsley_Maitland-Niles,/vaastav/Fantasy-Premier-League/tree/master/data/2017-18/players/Ainsley_Maitland-Niles,2017-18,95
14,1,Holding,16,,45,580,Arsenal,Rob,Holding,RobHolding,Rob_Holding,Rob_Holding,/vaastav/Fantasy-Premier-League/tree/master/data/2017-18/players/Rob_Holding,2017-18,90
18,1,Willock,20,,50,838,Arsenal,Joseph,Willock,JosephWillock,Joseph_Willock,Joseph_Willock,/vaastav/Fantasy-Premier-League/tree/master/data/2017-18/players/Joseph_Willock,2017-18,92
19,1,Nelson,21,,55,622,Arsenal,Reiss,Nelson,ReissNelson,Reiss_Nelson,Reiss_Nelson,/vaastav/Fantasy-Premier-League/tree/master/data/2017-18/players/Reiss_Nelson,2017-18,91
20,1,Nketiah,22,,60,628,Arsenal,Edward,Nketiah,EdwardNketiah,Edward_Nketiah,Edward_Nketiah,/vaastav/Fantasy-Premier-League/tree/master/data/2017-18/players/Edward_Nketiah,2017-18,92
25,1,Willian,478,,80,2595,Arsenal,Willian,Borges Da Silva,WillianBorges Da Silva,Willian_Borges Da Silva,Willian_Borges Da Silva,/vaastav/Fantasy-Premier-League/tree/master/data/2017-18/players/Willian_Borges%20Da%20Silva,2017-18,95
27,2,Heaton,28,0.0,45,1794,Aston Villa,Tom,Heaton,TomHeaton,Tom_Heaton,Tom_Heaton,/vaastav/Fantasy-Premier-League/tree/master/data/2017-18/players/Tom_Heaton,2017-18,89
35,2,Mings,41,,50,2902,Aston Villa,Tyrone,Mings,TyroneMings,Tyrone_Mings,Tyrone_Mings,/vaastav/Fantasy-Premier-League/tree/master/data/2017-18/players/Tyrone_Mings,2017-18,91
36,2,Targett,42,,45,2291,Aston Villa,Matt,Targett,MattTargett,Matt_Targett,Matt_Targett,/vaastav/Fantasy-Premier-League/tree/master/data/2017-18/players/Matt_Targett,2017-18,91
43,3,Murray,53,0.0,50,785,Brighton,Glenn,Murray,GlennMurray,Glenn_Murray,Glenn_Murray,/vaastav/Fantasy-Premier-League/tree/master/data/2017-18/players/Glenn_Murray,2017-18,91
44,3,Lallana,54,,65,371,Brighton,Adam,Lallana,AdamLallana,Adam_Lallana,Adam_Lallana,/vaastav/Fantasy-Premier-League/tree/master/data/2017-18/players/Adam_Lallana,2017-18,91
45,3,Stephens,55,,45,2525,Brighton,Dale,Stephens,DaleStephens,Dale_Stephens,Dale_Stephens,/vaastav/Fantasy-Premier-League/tree/master/data/2017-18/players/Dale_Stephens,2017-18,92
47,3,Groß,57,,60,1791,Brighton,Pascal,Groß,PascalGroß,Pascal_Groß,Pascal_Groß,/vaastav/Fantasy-Premier-League/tree/master/data/2017-18/players/Pascal_Gro%C3%9F,2017-18,90
48,3,Duffy,58,0.0,45,1232,Brighton,Shane,Duffy,ShaneDuffy,Shane_Duffy,Shane_Duffy,/vaastav/Fantasy-Premier-League/tree/master/data/2017-18/players/Shane_Duffy,2017-18,90
49,3,Pröpper,59,,50,2826,Brighton,Davy,Pröpper,DavyPröpper,Davy_Pröpper,Davy_Pröpper,/vaastav/Fantasy-Premier-League/tree/master/data/2017-18/players/Davy_Pr%C3%B6pper,2017-18,91
50,3,Mooy,60,0.0,50,2079,Brighton,Aaron,Mooy,AaronMooy,Aaron_Mooy,Aaron_Mooy,/vaastav/Fantasy-Premier-League/tree/master/data/2017-18/players/Aaron_Mooy,2017-18,89
52,3,Dunk,62,,50,3230,Brighton,Lewis,Dunk,LewisDunk,Lewis_Dunk,Lewis_Dunk,/vaastav/Fantasy-Premier-League/tree/master/data/2017-18/players/Lewis_Dunk,2017-18,89
55,3,March,65,,50,1139,Brighton,Solomon,March,SolomonMarch,Solomon_March,Solomon_March,/vaastav/Fantasy-Premier-League/tree/master/data/2017-18/players/Solomon_March,2017-18,92
60,3,Ryan,70,,45,3420,Brighton,Mathew,Ryan,MathewRyan,Mathew_Ryan,Mathew_Ryan,/vaastav/Fantasy-Premier-League/tree/master/data/2017-18/players/Mathew_Ryan,2017-18,90
70,4,Tarkowski,81,,55,3420,Burnley,James,Tarkowski,JamesTarkowski,James_Tarkowski,James_Tarkowski,/vaastav/Fantasy-Premier-League/tree/master/data/2017-18/players/James_Tarkowski,2017-18,93
71,4,Bardsley,82,,45,1890,Burnley,Phil,Bardsley,PhilBardsley,Phil_Bardsley,Phil_Bardsley,/vaastav/Fantasy-Premier-League/tree/master/data/2017-18/players/Phil_Bardsley,2017-18,92
72,4,Pieters,83,,45,1876,Burnley,Erik,Pieters,ErikPieters,Erik_Pieters,Erik_Pieters,/vaastav/Fantasy-Premier-League/tree/master/data/2017-18/players/Erik_Pieters,2017-18,91
73,4,Cork,84,0.0,50,2614,Burnley,Jack,Cork,JackCork,Jack_Cork,Jack_Cork,/vaastav/Fantasy-Premier-League/tree/master/data/2017-18/players/Jack_Cork,2017-18,88
74,4,Long,85,,45,562,Burnley,Kevin,Long,KevinLong,Kevin_Long,Kevin_Long,/vaastav/Fantasy-Premier-League/tree/master/data/2017-18/players/Kevin_Long,2017-18,89
75,4,Rodriguez,86,,60,2002,Burnley,Jay,Rodriguez,JayRodriguez,Jay_Rodriguez,Jay_Rodriguez,/vaastav/Fantasy-Premier-League/tree/master/data/2017-18/players/Jay_Rodriguez,2017-18,92
76,4,Barnes,87,,60,1350,Burnley,Ashley,Barnes,AshleyBarnes,Ashley_Barnes,Ashley_Barnes,/vaastav/Fantasy-Premier-League/tree/master/data/2017-18/players/Ashley_Barnes,2017-18,92
77,4,Mee,88,,50,2880,Burnley,Ben,Mee,BenMee,Ben_Mee,Ben_Mee,/vaastav/Fantasy-Premier-League/tree/master/data/2017-18/players/Ben_Mee,2017-18,83
78,4,Westwood,89,,55,3150,Burnley,Ashley,Westwood,AshleyWestwood,Ashley_Westwood,Ashley_Westwood,/vaastav/Fantasy-Premier-League/tree/master/data/2017-18/players/Ashley_Westwood,2017-18,93
79,4,Gudmundsson,90,,55,617,Burnley,Johann Berg,Gudmundsson,Johann BergGudmundsson,Johann Berg_Gudmundsson,Johann Berg_Gudmundsson,/vaastav/Fantasy-Premier-League/tree/master/data/2017-18/players/Johann%20Berg_Gudmundsson,2017-18,95
80,4,Wood,91,,65,2436,Burnley,Chris,Wood,ChrisWood,Chris_Wood,Chris_Wood,/vaastav/Fantasy-Premier-League/tree/master/data/2017-18/players/Chris_Wood,2017-18,89
81,4,Lowton,92,,45,1530,Burnley,Matthew,Lowton,MatthewLowton,Matthew_Lowton,Matthew_Lowton,/vaastav/Fantasy-Premier-League/tree/master/data/2017-18/players/Matthew_Lowton,2017-18,92
84,4,Brady,95,,50,445,Burnley,Robbie,Brady,RobbieBrady,Robbie_Brady,Robbie_Brady,/vaastav/Fantasy-Premier-League/tree/master/data/2017-18/players/Robbie_Brady,2017-18,91
85,4,Pope,96,,55,3420,Burnley,Nick,Pope,NickPope,Nick_Pope,Nick_Pope,/vaastav/Fantasy-Premier-League/tree/master/data/2017-18/players/Nick_Pope,2017-18,88
86,4,Taylor,97,,45,1944,Burnley,Charlie,Taylor,CharlieTaylor,Charlie_Taylor,Charlie_Taylor,/vaastav/Fantasy-Premier-League/tree/master/data/2017-18/players/Charlie_Taylor,2017-18,92
89,4,McNeil,100,,60,3339,Burnley,Dwight,McNeil,DwightMcNeil,Dwight_McNeil,Dwight_McNeil,/vaastav/Fantasy-Premier-League/tree/master/data/2017-18/players/Dwight_McNeil,2017-18,92
90,5,Caballero,101,,50,450,Chelsea,Willy,Caballero,WillyCaballero,Willy_Caballero,Willy_Caballero,/vaastav/Fantasy-Premier-League/tree/master/data/2017-18/players/Willy_Caballero,2017-18,93
91,5,Azpilicueta,102,,60,3229,Chelsea,César,Azpilicueta,CésarAzpilicueta,César_Azpilicueta,César_Azpilicueta,/vaastav/Fantasy-Premier-League/tree/master/data/2017-18/players/C%C3%A9sar_Azpilicueta,2017-18,94
92,5,Giroud,103,,70,988,Chelsea,Olivier,Giroud,OlivierGiroud,Olivier_Giroud,Olivier_Giroud,/vaastav/Fantasy-Premier-League/tree/master/data/2017-18/players/Olivier_Giroud,2017-18,92
93,5,Alonso,104,,60,1429,Chelsea,Marcos,Alonso,MarcosAlonso,Marcos_Alonso,Marcos_Alonso,/vaastav/Fantasy-Premier-League/tree/master/data/2017-18/players/Marcos_Alonso,2017-18,92
94,5,Barkley,106,,60,1095,Chelsea,Ross,Barkley,RossBarkley,Ross_Barkley,Ross_Barkley,/vaastav/Fantasy-Premier-League/tree/master/data/2017-18/players/Ross_Barkley,2017-18,91
96,5,Batshuayi,108,,60,224,Chelsea,Michy,Batshuayi,MichyBatshuayi,Michy_Batshuayi,Michy_Batshuayi,/vaastav/Fantasy-Premier-League/tree/master/data/2017-18/players/Michy_Batshuayi,2017-18,93
97,5,Rüdiger,109,,50,1710,Chelsea,Antonio,Rüdiger,AntonioRüdiger,Antonio_Rüdiger,Antonio_Rüdiger,/vaastav/Fantasy-Premier-League/tree/master/data/2017-18/players/Antonio_R%C3%BCdiger,2017-18,93
98,5,Zouma,110,,50,2343,Chelsea,Kurt,Zouma,KurtZouma,Kurt_Zouma,Kurt_Zouma,/vaastav/Fantasy-Premier-League/tree/master/data/2017-18/players/Kurt_Zouma,2017-18,89
99,5,Emerson,111,,50,1022,Chelsea,Emerson,Palmieri dos Santos,EmersonPalmieri dos Santos,Emerson_Palmieri dos Santos,Emerson_Palmieri dos Santos,/vaastav/Fantasy-Premier-League/tree/master/data/2017-18/players/Emerson_Palmieri%20dos%20Santos,2017-18,96
100,5,Kanté,113,,50,1730,Chelsea,N'Golo,Kanté,N'GoloKanté,N'Golo_Kanté,N'Golo_Kanté,/vaastav/Fantasy-Premier-League/tree/master/data/2017-18/players/N'Golo_Kant%C3%A9,2017-18,91
101,5,Loftus-Cheek,115,,60,203,Chelsea,Ruben,Loftus-Cheek,RubenLoftus-Cheek,Ruben_Loftus-Cheek,Ruben_Loftus-Cheek,/vaastav/Fantasy-Premier-League/tree/master/data/2017-18/players/Ruben_Loftus-Cheek,2017-18,94
102,5,Christensen,116,,50,1751,Chelsea,Andreas,Christensen,AndreasChristensen,Andreas_Christensen,Andreas_Christensen,/vaastav/Fantasy-Premier-League/tree/master/data/2017-18/players/Andreas_Christensen,2017-18,94
103,5,Abraham,118,,75,2206,Chelsea,Tammy,Abraham,TammyAbraham,Tammy_Abraham,Tammy_Abraham,/vaastav/Fantasy-Premier-League/tree/master/data/2017-18/players/Tammy_Abraham,2017-18,92
106,5,Tomori,121,,50,1291,Chelsea,Fikayo,Tomori,FikayoTomori,Fikayo_Tomori,Fikayo_Tomori,/vaastav/Fantasy-Premier-League/tree/master/data/2017-18/players/Fikayo_Tomori,2017-18,92
107,5,Hudson-Odoi,122,,60,849,Chelsea,Callum,Hudson-Odoi,CallumHudson-Odoi,Callum_Hudson-Odoi,Callum_Hudson-Odoi,/vaastav/Fantasy-Premier-League/tree/master/data/2017-18/players/Callum_Hudson-Odoi,2017-18,94
109,5,Chilwell,232,0.0,55,2374,Chelsea,Benjamin,Chilwell,BenjaminChilwell,Benjamin_Chilwell,Benjamin_Chilwell,/vaastav/Fantasy-Premier-League/tree/master/data/2017-18/players/Benjamin_Chilwell,2017-18,94
110,6,Cahill,125,0.0,45,2167,Crystal Palace,Gary,Cahill,GaryCahill,Gary_Cahill,Gary_Cahill,/vaastav/Fantasy-Premier-League/tree/master/data/2017-18/players/Gary_Cahill,2017-18,90
111,6,Hennessey,126,,45,270,Crystal Palace,Wayne,Hennessey,WayneHennessey,Wayne_Hennessey,Wayne_Hennessey,/vaastav/Fantasy-Premier-League/tree/master/data/2017-18/players/Wayne_Hennessey,2017-18,93
112,6,Sakho,127,0.0,45,929,Crystal Palace,Mamadou,Sakho,MamadouSakho,Mamadou_Sakho,Mamadou_Sakho,/vaastav/Fantasy-Premier-League/tree/master/data/2017-18/players/Mamadou_Sakho,2017-18,92
114,6,Tomkins,129,0.0,45,1582,Crystal Palace,James,Tomkins,JamesTomkins,James_Tomkins,James_Tomkins,/vaastav/Fantasy-Premier-League/tree/master/data/2017-18/players/James_Tomkins,2017-18,92
115,6,McArthur,130,,55,3091,Crystal Palace,James,McArthur,JamesMcArthur,James_McArthur,James_McArthur,/vaastav/Fantasy-Premier-League/tree/master/data/2017-18/players/James_McArthur,2017-18,92
116,6,McCarthy,131,,45,1668,Crystal Palace,James,McCarthy,JamesMcCarthy,James_McCarthy,James_McCarthy,/vaastav/Fantasy-Premier-League/tree/master/data/2017-18/players/James_McCarthy,2017-18,92
117,6,Benteke,132,,55,1252,Crystal Palace,Christian,Benteke,ChristianBenteke,Christian_Benteke,Christian_Benteke,/vaastav/Fantasy-Premier-League/tree/master/data/2017-18/players/Christian_Benteke,2017-18,94
118,6,Kouyaté,133,,50,2524,Crystal Palace,Cheikhou,Kouyaté,CheikhouKouyaté,Cheikhou_Kouyaté,Cheikhou_Kouyaté,/vaastav/Fantasy-Premier-League/tree/master/data/2017-18/players/Cheikhou_Kouyat%C3%A9,2017-18,93
119,6,Ward,134,,45,2380,Crystal Palace,Joel,Ward,JoelWard,Joel_Ward,Joel_Ward,/vaastav/Fantasy-Premier-League/tree/master/data/2017-18/players/Joel_Ward,2017-18,88
120,6,Kelly,135,,45,1547,Crystal Palace,Martin,Kelly,MartinKelly,Martin_Kelly,Martin_Kelly,/vaastav/Fantasy-Premier-League/tree/master/data/2017-18/players/Martin_Kelly,2017-18,91
121,6,Wickham,136,,45,90,Crystal Palace,Connor,Wickham,ConnorWickham,Connor_Wickham,Connor_Wickham,/vaastav/Fantasy-Premier-League/tree/master/data/2017-18/players/Connor_Wickham,2017-18,92
122,6,Townsend,137,,60,1284,Crystal Palace,Andros,Townsend,AndrosTownsend,Andros_Townsend,Andros_Townsend,/vaastav/Fantasy-Premier-League/tree/master/data/2017-18/players/Andros_Townsend,2017-18,93
123,6,Milivojevic,138,,60,2510,Crystal Palace,Luka,Milivojevic,LukaMilivojevic,Luka_Milivojevic,Luka_Milivojevic,/vaastav/Fantasy-Premier-League/tree/master/data/2017-18/players/Luka_Milivojevic,2017-18,93
124,6,van Aanholt,139,0.0,55,2507,Crystal Palace,Patrick,van Aanholt,Patrickvan Aanholt,Patrick_van Aanholt,Patrick_van Aanholt,/vaastav/Fantasy-Premier-League/tree/master/data/2017-18/players/Patrick_van%20Aanholt,2017-18,94
125,6,Ayew,140,,60,3148,Crystal Palace,Jordan,Ayew,JordanAyew,Jordan_Ayew,Jordan_Ayew,/vaastav/Fantasy-Premier-League/tree/master/data/2017-18/players/Jordan_Ayew,2017-18,90
126,6,Zaha,141,,70,3279,Crystal Palace,Wilfried,Zaha,WilfriedZaha,Wilfried_Zaha,Wilfried_Zaha,/vaastav/Fantasy-Premier-League/tree/master/data/2017-18/players/Wilfried_Zaha,2017-18,92
127,6,Schlupp,142,,55,1030,Crystal Palace,Jeffrey,Schlupp,JeffreySchlupp,Jeffrey_Schlupp,Jeffrey_Schlupp,/vaastav/Fantasy-Premier-League/tree/master/data/2017-18/players/Jeffrey_Schlupp,2017-18,93
129,6,Riedewald,144,,45,761,Crystal Palace,Jairo,Riedewald,JairoRiedewald,Jairo_Riedewald,Jairo_Riedewald,/vaastav/Fantasy-Premier-League/tree/master/data/2017-18/players/Jairo_Riedewald,2017-18,93
130,6,Ferguson,145,0.0,40,0,Crystal Palace,Nathan,Ferguson,NathanFerguson,Nathan_Ferguson,Nathan_Ferguson,/vaastav/Fantasy-Premier-League/tree/master/data/2017-18/players/Nathan_Ferguson,2017-18,93
132,6,Dann,486,,45,1264,Crystal Palace,Scott,Dann,ScottDann,Scott_Dann,Scott_Dann,/vaastav/Fantasy-Premier-League/tree/master/data/2017-18/players/Scott_Dann,2017-18,89
133,7,Walcott,148,,60,1281,Everton,Theo,Walcott,TheoWalcott,Theo_Walcott,Theo_Walcott,/vaastav/Fantasy-Premier-League/tree/master/data/2017-18/players/Theo_Walcott,2017-18,91
134,7,Delph,149,,50,1187,Everton,Fabian,Delph,FabianDelph,Fabian_Delph,Fabian_Delph,/vaastav/Fantasy-Premier-League/tree/master/data/2017-18/players/Fabian_Delph,2017-18,91
135,7,Sigurdsson,150,,70,2555,Everton,Gylfi,Sigurdsson,GylfiSigurdsson,Gylfi_Sigurdsson,Gylfi_Sigurdsson,/vaastav/Fantasy-Premier-League/tree/master/data/2017-18/players/Gylfi_Sigurdsson,2017-18,93
136,7,Lössl,151,,45,0,Everton,Jonas,Lössl,JonasLössl,Jonas_Lössl,Jonas_Lössl,/vaastav/Fantasy-Premier-League/tree/master/data/2017-18/players/Jonas_L%C3%B6ssl,2017-18,90
137,7,Coleman,152,,50,1833,Everton,Seamus,Coleman,SeamusColeman,Seamus_Coleman,Seamus_Coleman,/vaastav/Fantasy-Premier-League/tree/master/data/2017-18/players/Seamus_Coleman,2017-18,92
138,7,Tosun,153,0.0,60,462,Everton,Cenk,Tosun,CenkTosun,Cenk_Tosun,Cenk_Tosun,/vaastav/Fantasy-Premier-League/tree/master/data/2017-18/players/Cenk_Tosun,2017-18,89
141,7,Keane,156,,50,2556,Everton,Michael,Keane,MichaelKeane,Michael_Keane,Michael_Keane,/vaastav/Fantasy-Premier-League/tree/master/data/2017-18/players/Michael_Keane,2017-18,92
142,7,Pickford,157,,50,3420,Everton,Jordan,Pickford,JordanPickford,Jordan_Pickford,Jordan_Pickford,/vaastav/Fantasy-Premier-League/tree/master/data/2017-18/players/Jordan_Pickford,2017-18,93
143,7,Iwobi,159,,60,1591,Everton,Alex,Iwobi,AlexIwobi,Alex_Iwobi,Alex_Iwobi,/vaastav/Fantasy-Premier-League/tree/master/data/2017-18/players/Alex_Iwobi,2017-18,89
144,7,Kenny,160,,45,0,Everton,Jonjoe,Kenny,JonjoeKenny,Jonjoe_Kenny,Jonjoe_Kenny,/vaastav/Fantasy-Premier-League/tree/master/data/2017-18/players/Jonjoe_Kenny,2017-18,91
146,7,Davies,163,,55,2020,Everton,Tom,Davies,TomDavies,Tom_Davies,Tom_Davies,/vaastav/Fantasy-Premier-League/tree/master/data/2017-18/players/Tom_Davies,2017-18,89
147,7,Calvert-Lewin,164,,70,2621,Everton,Dominic,Calvert-Lewin,DominicCalvert-Lewin,Dominic_Calvert-Lewin,Dominic_Calvert-Lewin,/vaastav/Fantasy-Premier-League/tree/master/data/2017-18/players/Dominic_Calvert-Lewin,2017-18,95
148,7,Holgate,165,,50,2052,Everton,Mason,Holgate,MasonHolgate,Mason_Holgate,Mason_Holgate,/vaastav/Fantasy-Premier-League/tree/master/data/2017-18/players/Mason_Holgate,2017-18,92
149,7,Richarlison,166,,80,3070,Everton,Richarlison,de Andrade,Richarlisonde Andrade,Richarlison_de Andrade,Richarlison_de Andrade,/vaastav/Fantasy-Premier-League/tree/master/data/2017-18/players/Richarlison_de%20Andrade,2017-18,95
158,8,Knockaert,177,,55,0,Fulham,Anthony,Knockaert,AnthonyKnockaert,Anthony_Knockaert,Anthony_Knockaert,/vaastav/Fantasy-Premier-League/tree/master/data/2017-18/players/Anthony_Knockaert,2017-18,94
163,8,Mitrović,184,,60,0,Fulham,Aleksandar,Mitrović,AleksandarMitrović,Aleksandar_Mitrovic,Aleksandar_Mitrovic,/vaastav/Fantasy-Premier-League/tree/master/data/2017-18/players/Aleksandar_Mitrovic,2017-18,94
164,8,Mawson,185,,45,0,Fulham,Alfie,Mawson,AlfieMawson,Alfie_Mawson,Alfie_Mawson,/vaastav/Fantasy-Premier-League/tree/master/data/2017-18/players/Alfie_Mawson,2017-18,91
168,8,Lemina,493,,45,0,Fulham,Mario,Lemina,MarioLemina,Mario_Lemina,Mario_Lemina,/vaastav/Fantasy-Premier-League/tree/master/data/2017-18/players/Mario_Lemina,2017-18,91
169,9,Morgan,216,75.0,45,430,Leicester,Wes,Morgan,WesMorgan,Wes_Morgan,Wes_Morgan,/vaastav/Fantasy-Premier-League/tree/master/data/2017-18/players/Wes_Morgan,2017-18,89
170,9,Schmeichel,217,,55,3420,Leicester,Kasper,Schmeichel,KasperSchmeichel,Kasper_Schmeichel,Kasper_Schmeichel,/vaastav/Fantasy-Premier-League/tree/master/data/2017-18/players/Kasper_Schmeichel,2017-18,94
171,9,Fuchs,218,0.0,45,770,Leicester,Christian,Fuchs,ChristianFuchs,Christian_Fuchs,Christian_Fuchs,/vaastav/Fantasy-Premier-League/tree/master/data/2017-18/players/Christian_Fuchs,2017-18,93
172,9,Evans,219,0.0,55,3384,Leicester,Jonny,Evans,JonnyEvans,Jonny_Evans,Jonny_Evans,/vaastav/Fantasy-Premier-League/tree/master/data/2017-18/players/Jonny_Evans,2017-18,90
174,9,Albrighton,221,,55,857,Leicester,Marc,Albrighton,MarcAlbrighton,Marc_Albrighton,Marc_Albrighton,/vaastav/Fantasy-Premier-League/tree/master/data/2017-18/players/Marc_Albrighton,2017-18,93
175,9,James,222,,45,5,Leicester,Matty,James,MattyJames,Matty_James,Matty_James,/vaastav/Fantasy-Premier-League/tree/master/data/2017-18/players/Matty_James,2017-18,90
176,9,Ward,223,,45,0,Leicester,Danny,Ward,DannyWard,Danny_Ward,Danny_Ward,/vaastav/Fantasy-Premier-League/tree/master/data/2017-18/players/Danny_Ward,2017-18,89
177,9,Vardy,224,,100,3032,Leicester,Jamie,Vardy,JamieVardy,Jamie_Vardy,Jamie_Vardy,/vaastav/Fantasy-Premier-League/tree/master/data/2017-18/players/Jamie_Vardy,2017-18,90
180,9,Amartey,227,0.0,40,0,Leicester,Daniel,Amartey,DanielAmartey,Daniel_Amartey,Daniel_Amartey,/vaastav/Fantasy-Premier-League/tree/master/data/2017-18/players/Daniel_Amartey,2017-18,92
181,9,Pérez,229,,65,1998,Leicester,Ayoze,Pérez,AyozePérez,Ayoze_Pérez,Ayoze_Pérez,/vaastav/Fantasy-Premier-League/tree/master/data/2017-18/players/Ayoze_P%C3%A9rez,2017-18,90
182,9,Gray,230,,55,605,Leicester,Demarai,Gray,DemaraiGray,Demarai_Gray,Demarai_Gray,/vaastav/Fantasy-Premier-League/tree/master/data/2017-18/players/Demarai_Gray,2017-18,91
184,9,Iheanacho,233,,60,953,Leicester,Kelechi,Iheanacho,KelechiIheanacho,Kelechi_Iheanacho,Kelechi_Iheanacho,/vaastav/Fantasy-Premier-League/tree/master/data/2017-18/players/Kelechi_Iheanacho,2017-18,94
185,9,Choudhury,234,,50,883,Leicester,Hamza,Choudhury,HamzaChoudhury,Hamza_Choudhury,Hamza_Choudhury,/vaastav/Fantasy-Premier-League/tree/master/data/2017-18/players/Hamza_Choudhury,2017-18,93
186,9,Barnes,235,,70,2075,Leicester,Harvey,Barnes,HarveyBarnes,Harvey_Barnes,Harvey_Barnes,/vaastav/Fantasy-Premier-League/tree/master/data/2017-18/players/Harvey_Barnes,2017-18,92
187,9,Ndidi,236,,50,2671,Leicester,Wilfred,Ndidi,WilfredNdidi,Wilfred_Ndidi,Wilfred_Ndidi,/vaastav/Fantasy-Premier-League/tree/master/data/2017-18/players/Wilfred_Ndidi,2017-18,92
212,11,Milner,241,,55,924,Liverpool,James,Milner,JamesMilner,James_Milner,James_Milner,/vaastav/Fantasy-Premier-League/tree/master/data/2017-18/players/James_Milner,2017-18,91
214,11,Wijnaldum,243,,55,2933,Liverpool,Georginio,Wijnaldum,GeorginioWijnaldum,Georginio_Wijnaldum,Georginio_Wijnaldum,/vaastav/Fantasy-Premier-League/tree/master/data/2017-18/players/Georginio_Wijnaldum,2017-18,94
215,11,Henderson,244,,55,2234,Liverpool,Jordan,Henderson,JordanHenderson,Jordan_Henderson,Jordan_Henderson,/vaastav/Fantasy-Premier-League/tree/master/data/2017-18/players/Jordan_Henderson,2017-18,93
216,11,Adrián,245,,45,873,Liverpool,Adrián,San Miguel del Castillo,AdriánSan Miguel del Castillo,Adrián_San Miguel del Castillo,Adrián_San Miguel del Castillo,/vaastav/Fantasy-Premier-League/tree/master/data/2017-18/players/Adri%C3%A1n_San%20Miguel%20del%20Castillo,2017-18,97
217,11,Matip,246,,55,703,Liverpool,Joel,Matip,JoelMatip,Joel_Matip,Joel_Matip,/vaastav/Fantasy-Premier-League/tree/master/data/2017-18/players/Joel_Matip,2017-18,89
218,11,Shaqiri,247,,65,181,Liverpool,Xherdan,Shaqiri,XherdanShaqiri,Xherdan_Shaqiri,Xherdan_Shaqiri,/vaastav/Fantasy-Premier-League/tree/master/data/2017-18/players/Xherdan_Shaqiri,2017-18,93
219,11,Chamberlain,248,50.0,65,1475,Liverpool,Alex,Oxlade-Chamberlain,AlexOxlade-Chamberlain,Alex_Oxlade-Chamberlain,Alex_Oxlade-Chamberlain,/vaastav/Fantasy-Premier-League/tree/master/data/2017-18/players/Alex_Oxlade-Chamberlain,2017-18,95
220,11,Firmino,249,,95,2985,Liverpool,Roberto,Firmino,RobertoFirmino,Roberto_Firmino,Roberto_Firmino,/vaastav/Fantasy-Premier-League/tree/master/data/2017-18/players/Roberto_Firmino,2017-18,93
221,11,van Dijk,250,,65,3420,Liverpool,Virgil,van Dijk,Virgilvan Dijk,Virgil_van Dijk,Virgil_van Dijk,/vaastav/Fantasy-Premier-League/tree/master/data/2017-18/players/Virgil_van%20Dijk,2017-18,93
222,11,Mané,251,,120,2745,Liverpool,Sadio,Mané,SadioMané,Sadio_Mané,Sadio_Mané,/vaastav/Fantasy-Premier-League/tree/master/data/2017-18/players/Sadio_Man%C3%A9,2017-18,89
224,11,Salah,254,,120,2879,Liverpool,Mohamed,Salah,MohamedSalah,Mohamed_Salah,Mohamed_Salah,/vaastav/Fantasy-Premier-League/tree/master/data/2017-18/players/Mohamed_Salah,2017-18,92
225,11,Robertson,255,,70,3111,Liverpool,Andrew,Robertson,AndrewRobertson,Andrew_Robertson,Andrew_Robertson,/vaastav/Fantasy-Premier-League/tree/master/data/2017-18/players/Andrew_Robertson,2017-18,93
226,11,Origi,256,,55,699,Liverpool,Divock,Origi,DivockOrigi,Divock_Origi,Divock_Origi,/vaastav/Fantasy-Premier-League/tree/master/data/2017-18/players/Divock_Origi,2017-18,91
228,11,Alexander-Arnold,259,,75,3173,Liverpool,Trent,Alexander-Arnold,TrentAlexander-Arnold,Trent_Alexander-Arnold,Trent_Alexander-Arnold,/vaastav/Fantasy-Premier-League/tree/master/data/2017-18/players/Trent_Alexander-Arnold,2017-18,95
229,11,Gomez,260,,55,1999,Liverpool,Joseph,Gomez,JosephGomez,Joseph_Gomez,Joseph_Gomez,/vaastav/Fantasy-Premier-League/tree/master/data/2017-18/players/Joseph_Gomez,2017-18,91
231,11,Jones,263,,45,121,Liverpool,Curtis,Jones,CurtisJones,Curtis_Jones,Curtis_Jones,/vaastav/Fantasy-Premier-League/tree/master/data/2017-18/players/Curtis_Jones,2017-18,91
234,12,Fernandinho,266,,55,2394,Man City,Fernando,Luiz Rosa,FernandoLuiz Rosa,Fernando_Luiz Rosa,Fernando_Luiz Rosa,/vaastav/Fantasy-Premier-League/tree/master/data/2017-18/players/Fernando_Luiz%20Rosa,2017-18,94
235,12,Bravo,267,0.0,45,346,Man City,Claudio,Bravo,ClaudioBravo,Claudio_Bravo,Claudio_Bravo,/vaastav/Fantasy-Premier-League/tree/master/data/2017-18/players/Claudio_Bravo,2017-18,92
236,12,Agüero,268,,105,1449,Man City,Sergio,Agüero,SergioAgüero,Sergio_Agüero,Sergio_Agüero,/vaastav/Fantasy-Premier-League/tree/master/data/2017-18/players/Sergio_Ag%C3%BCero,2017-18,92
237,12,Otamendi,269,,50,1710,Man City,Nicolás,Otamendi,NicolásOtamendi,Nicolás_Otamendi,Nicolás_Otamendi,/vaastav/Fantasy-Premier-League/tree/master/data/2017-18/players/Nicol%C3%A1s_Otamendi,2017-18,93
238,12,Walker,270,,60,2392,Man City,Kyle,Walker,KyleWalker,Kyle_Walker,Kyle_Walker,/vaastav/Fantasy-Premier-League/tree/master/data/2017-18/players/Kyle_Walker,2017-18,90
239,12,Gündogan,271,,55,2012,Man City,Ilkay,Gündogan,IlkayGündogan,Ilkay_Gündogan,Ilkay_Gündogan,/vaastav/Fantasy-Premier-League/tree/master/data/2017-18/players/Ilkay_G%C3%BCndogan,2017-18,92
240,12,De Bruyne,272,,115,2790,Man City,Kevin,De Bruyne,KevinDe Bruyne,Kevin_De Bruyne,Kevin_De Bruyne,/vaastav/Fantasy-Premier-League/tree/master/data/2017-18/players/Kevin_De%20Bruyne,2017-18,93
241,12,Stones,273,,50,1118,Man City,John,Stones,JohnStones,John_Stones,John_Stones,/vaastav/Fantasy-Premier-League/tree/master/data/2017-18/players/John_Stones,2017-18,90
242,12,Mendy,274,,60,1491,Man City,Benjamin,Mendy,BenjaminMendy,Benjamin_Mendy,Benjamin_Mendy,/vaastav/Fantasy-Premier-League/tree/master/data/2017-18/players/Benjamin_Mendy,2017-18,92
243,12,Mahrez,275,,85,1934,Man City,Riyad,Mahrez,RiyadMahrez,Riyad_Mahrez,Riyad_Mahrez,/vaastav/Fantasy-Premier-League/tree/master/data/2017-18/players/Riyad_Mahrez,2017-18,91
244,12,Sterling,276,,115,2651,Man City,Raheem,Sterling,RaheemSterling,Raheem_Sterling,Raheem_Sterling,/vaastav/Fantasy-Premier-League/tree/master/data/2017-18/players/Raheem_Sterling,2017-18,93
246,12,Ederson,278,,60,3071,Man City,Ederson,Santana de Moraes,EdersonSantana de Moraes,Ederson_Santana de Moraes,Ederson_Santana de Moraes,/vaastav/Fantasy-Premier-League/tree/master/data/2017-18/players/Ederson_Santana%20de%20Moraes,2017-18,96
247,12,Aké,279,,55,2503,Man City,Nathan,Aké,NathanAké,Nathan_Aké,Nathan_Aké,/vaastav/Fantasy-Premier-League/tree/master/data/2017-18/players/Nathan_Ak%C3%A9,2017-18,89
248,12,Laporte,280,,60,1096,Man City,Aymeric,Laporte,AymericLaporte,Aymeric_Laporte,Aymeric_Laporte,/vaastav/Fantasy-Premier-League/tree/master/data/2017-18/players/Aymeric_Laporte,2017-18,93
249,12,Bernardo Silva,281,,75,2021,Man City,Bernardo Mota,Veiga de Carvalho e Silva,Bernardo MotaVeiga de Carvalho e Silva,Bernardo Mota_Veiga de Carvalho e Silva,Bernardo Mota_Veiga de Carvalho e Silva,/vaastav/Fantasy-Premier-League/tree/master/data/2017-18/players/Bernardo%20Mota_Veiga%20de%20Carvalho%20e%20Silva,2017-18,97
250,12,Jesus,282,,95,2018,Man City,Gabriel Fernando,de Jesus,Gabriel Fernandode Jesus,Gabriel Fernando_de Jesus,Gabriel Fernando_de Jesus,/vaastav/Fantasy-Premier-League/tree/master/data/2017-18/players/Gabriel%20Fernando_de%20Jesus,2017-18,96
251,12,Zinchenko,283,,55,1271,Man City,Oleksandr,Zinchenko,OleksandrZinchenko,Oleksandr_Zinchenko,Oleksandr_Zinchenko,/vaastav/Fantasy-Premier-League/tree/master/data/2017-18/players/Oleksandr_Zinchenko,2017-18,94
252,12,Foden,284,,65,888,Man City,Phil,Foden,PhilFoden,Phil_Foden,Phil_Foden,/vaastav/Fantasy-Premier-League/tree/master/data/2017-18/players/Phil_Foden,2017-18,89
256,13,Romero,289,,50,0,Man Utd,Sergio,Romero,SergioRomero,Sergio_Romero,Sergio_Romero,/vaastav/Fantasy-Premier-League/tree/master/data/2017-18/players/Sergio_Romero,2017-18,92
257,13,Mata,290,,60,747,Man Utd,Juan,Mata,JuanMata,Juan_Mata,Juan_Mata,/vaastav/Fantasy-Premier-League/tree/master/data/2017-18/players/Juan_Mata,2017-18,88
258,13,de Gea,291,,55,3420,Man Utd,David,de Gea,Davidde Gea,David_de Gea,David_de Gea,/vaastav/Fantasy-Premier-League/tree/master/data/2017-18/players/David_de%20Gea,2017-18,91
259,13,Smalling,292,,50,0,Man Utd,Chris,Smalling,ChrisSmalling,Chris_Smalling,Chris_Smalling,/vaastav/Fantasy-Premier-League/tree/master/data/2017-18/players/Chris_Smalling,2017-18,92
260,13,Rojo,294,,50,121,Man Utd,Marcos,Rojo,MarcosRojo,Marcos_Rojo,Marcos_Rojo,/vaastav/Fantasy-Premier-League/tree/master/data/2017-18/players/Marcos_Rojo,2017-18,90
261,13,Matic,295,,50,1578,Man Utd,Nemanja,Matic,NemanjaMatic,Nemanja_Matic,Nemanja_Matic,/vaastav/Fantasy-Premier-League/tree/master/data/2017-18/players/Nemanja_Matic,2017-18,92
262,13,Pogba,296,,80,1202,Man Utd,Paul,Pogba,PaulPogba,Paul_Pogba,Paul_Pogba,/vaastav/Fantasy-Premier-League/tree/master/data/2017-18/players/Paul_Pogba,2017-18,89
263,13,Jones,297,,50,135,Man Utd,Phil,Jones,PhilJones,Phil_Jones,Phil_Jones,/vaastav/Fantasy-Premier-League/tree/master/data/2017-18/players/Phil_Jones,2017-18,89
264,13,Maguire,298,,55,3420,Man Utd,Harry,Maguire,HarryMaguire,Harry_Maguire,Harry_Maguire,/vaastav/Fantasy-Premier-League/tree/master/data/2017-18/players/Harry_Maguire,2017-18,92
266,13,Shaw,300,,50,1730,Man Utd,Luke,Shaw,LukeShaw,Luke_Shaw,Luke_Shaw,/vaastav/Fantasy-Premier-League/tree/master/data/2017-18/players/Luke_Shaw,2017-18,88
267,13,Lingard,301,,60,923,Man Utd,Jesse,Lingard,JesseLingard,Jesse_Lingard,Jesse_Lingard,/vaastav/Fantasy-Premier-League/tree/master/data/2017-18/players/Jesse_Lingard,2017-18,92
269,13,Martial,303,,90,2625,Man Utd,Anthony,Martial,AnthonyMartial,Anthony_Martial,Anthony_Martial,/vaastav/Fantasy-Premier-League/tree/master/data/2017-18/players/Anthony_Martial,2017-18,93
270,13,Pereira,304,,50,1478,Man Utd,Andreas,Pereira,AndreasPereira,Andreas_Pereira,Andreas_Pereira,/vaastav/Fantasy-Premier-League/tree/master/data/2017-18/players/Andreas_Pereira,2017-18,93
271,13,Henderson,305,,55,3240,Man Utd,Dean,Henderson,DeanHenderson,Jordan_Henderson,Jordan_Henderson,/vaastav/Fantasy-Premier-League/tree/master/data/2017-18/players/Jordan_Henderson,2017-18,85
272,13,Rashford,306,,95,2645,Man Utd,Marcus,Rashford,MarcusRashford,Marcus_Rashford,Marcus_Rashford,/vaastav/Fantasy-Premier-League/tree/master/data/2017-18/players/Marcus_Rashford,2017-18,93
273,13,Tuanzebe,307,,45,187,Man Utd,Axel,Tuanzebe,AxelTuanzebe,Axel_Tuanzebe,Axel_Tuanzebe,/vaastav/Fantasy-Premier-League/tree/master/data/2017-18/players/Axel_Tuanzebe,2017-18,92
274,13,Lindelöf,308,,50,3092,Man Utd,Victor,Lindelöf,VictorLindelöf,Victor_Lindelöf,Victor_Lindelöf,/vaastav/Fantasy-Premier-League/tree/master/data/2017-18/players/Victor_Lindel%C3%B6f,2017-18,93
275,13,McTominay,309,,50,1765,Man Utd,Scott,McTominay,ScottMcTominay,Scott_McTominay,Scott_McTominay,/vaastav/Fantasy-Premier-League/tree/master/data/2017-18/players/Scott_McTominay,2017-18,93
276,13,Bailly,310,,50,148,Man Utd,Eric,Bailly,EricBailly,Eric_Bailly,Eric_Bailly,/vaastav/Fantasy-Premier-League/tree/master/data/2017-18/players/Eric_Bailly,2017-18,90
278,13,Fosu-Mensah,312,,45,136,Man Utd,Timothy,Fosu-Mensah,TimothyFosu-Mensah,Timothy_Fosu-Mensah,Timothy_Fosu-Mensah,/vaastav/Fantasy-Premier-League/tree/master/data/2017-18/players/Timothy_Fosu-Mensah,2017-18,94
279,13,Wan-Bissaka,313,,55,3070,Man Utd,Aaron,Wan-Bissaka,AaronWan-Bissaka,Aaron_Wan-Bissaka,Aaron_Wan-Bissaka,/vaastav/Fantasy-Premier-League/tree/master/data/2017-18/players/Aaron_Wan-Bissaka,2017-18,94
284,14,Carroll,320,,55,617,Newcastle,Andy,Carroll,AndyCarroll,Andy_Carroll,Andy_Carroll,/vaastav/Fantasy-Premier-League/tree/master/data/2017-18/players/Andy_Carroll,2017-18,91
285,14,Shelvey,321,,55,2118,Newcastle,Jonjo,Shelvey,JonjoShelvey,Jonjo_Shelvey,Jonjo_Shelvey,/vaastav/Fantasy-Premier-League/tree/master/data/2017-18/players/Jonjo_Shelvey,2017-18,92
286,14,Ritchie,322,,50,1312,Newcastle,Matt,Ritchie,MattRitchie,Matt_Ritchie,Matt_Ritchie,/vaastav/Fantasy-Premier-League/tree/master/data/2017-18/players/Matt_Ritchie,2017-18,91
287,14,Fernández,323,,50,2617,Newcastle,Federico,Fernández,FedericoFernández,Federico_Fernández,Federico_Fernández,/vaastav/Fantasy-Premier-League/tree/master/data/2017-18/players/Federico_Fern%C3%A1ndez,2017-18,94
288,14,Clark,324,,45,1186,Newcastle,Ciaran,Clark,CiaranClark,Ciaran_Clark,Ciaran_Clark,/vaastav/Fantasy-Premier-League/tree/master/data/2017-18/players/Ciaran_Clark,2017-18,91
289,14,Darlow,325,,50,0,Newcastle,Karl,Darlow,KarlDarlow,Karl_Darlow,Karl_Darlow,/vaastav/Fantasy-Premier-League/tree/master/data/2017-18/players/Karl_Darlow,2017-18,90
290,14,Dubravka,326,0.0,50,3420,Newcastle,Martin,Dubravka,MartinDubravka,Martin_Dubravka,Martin_Dubravka,/vaastav/Fantasy-Premier-League/tree/master/data/2017-18/players/Martin_Dubravka,2017-18,93
291,14,Lejeune,327,,45,440,Newcastle,Florian,Lejeune,FlorianLejeune,Florian_Lejeune,Florian_Lejeune,/vaastav/Fantasy-Premier-League/tree/master/data/2017-18/players/Florian_Lejeune,2017-18,93
292,14,Lascelles,328,100.0,45,2076,Newcastle,Jamaal,Lascelles,JamaalLascelles,Jamaal_Lascelles,Jamaal_Lascelles,/vaastav/Fantasy-Premier-League/tree/master/data/2017-18/players/Jamaal_Lascelles,2017-18,93
293,14,Gayle,329,25.0,60,842,Newcastle,Dwight,Gayle,DwightGayle,Dwight_Gayle,Dwight_Gayle,/vaastav/Fantasy-Premier-League/tree/master/data/2017-18/players/Dwight_Gayle,2017-18,91
294,14,Atsu,330,,55,738,Newcastle,Christian,Atsu,ChristianAtsu,Christian_Atsu,Christian_Atsu,/vaastav/Fantasy-Premier-League/tree/master/data/2017-18/players/Christian_Atsu,2017-18,92
295,14,Dummett,331,,45,1227,Newcastle,Paul,Dummett,PaulDummett,Paul_Dummett,Paul_Dummett,/vaastav/Fantasy-Premier-League/tree/master/data/2017-18/players/Paul_Dummett,2017-18,91
296,14,Manquillo,332,,45,1597,Newcastle,Javier,Manquillo,JavierManquillo,Javier_Manquillo,Javier_Manquillo,/vaastav/Fantasy-Premier-League/tree/master/data/2017-18/players/Javier_Manquillo,2017-18,93
298,14,Yedlin,335,,45,934,Newcastle,DeAndre,Yedlin,DeAndreYedlin,DeAndre_Yedlin,DeAndre_Yedlin,/vaastav/Fantasy-Premier-League/tree/master/data/2017-18/players/DeAndre_Yedlin,2017-18,92
299,14,Hayden,336,,50,2220,Newcastle,Isaac,Hayden,IsaacHayden,Isaac_Hayden,Isaac_Hayden,/vaastav/Fantasy-Premier-League/tree/master/data/2017-18/players/Isaac_Hayden,2017-18,91
300,14,Aarons,337,,50,0,Newcastle,Rolando,Aarons,RolandoAarons,Rolando_Aarons,Rolando_Aarons,/vaastav/Fantasy-Premier-League/tree/master/data/2017-18/players/Rolando_Aarons,2017-18,92
304,14,Hendrick,485,,50,1930,Newcastle,Jeff,Hendrick,JeffHendrick,Jeff_Hendrick,Jeff_Hendrick,/vaastav/Fantasy-Premier-League/tree/master/data/2017-18/players/Jeff_Hendrick,2017-18,92
311,15,Norwood,349,,50,3089,Sheffield Utd,Oliver,Norwood,OliverNorwood,Oliver_Norwood,Oliver_Norwood,/vaastav/Fantasy-Premier-League/tree/master/data/2017-18/players/Oliver_Norwood,2017-18,92
318,15,McBurnie,357,,60,2105,Sheffield Utd,Oliver,McBurnie,OliverMcBurnie,Oliver_McBurnie,Oliver_McBurnie,/vaastav/Fantasy-Premier-League/tree/master/data/2017-18/players/Oliver_McBurnie,2017-18,93
320,15,Mousset,359,,60,1223,Sheffield Utd,Lys,Mousset,LysMousset,Lys_Mousset,Lys_Mousset,/vaastav/Fantasy-Premier-League/tree/master/data/2017-18/players/Lys_Mousset,2017-18,90
323,15,Ramsdale,483,,50,3330,Sheffield Utd,Aaron,Ramsdale,AaronRamsdale,Aaron_Ramsdale,Aaron_Ramsdale,/vaastav/Fantasy-Premier-League/tree/master/data/2017-18/players/Aaron_Ramsdale,2017-18,92
324,16,Long,361,,55,1386,Southampton,Shane,Long,ShaneLong,Shane_Long,Shane_Long,/vaastav/Fantasy-Premier-League/tree/master/data/2017-18/players/Shane_Long,2017-18,89
325,16,Bertrand,362,,50,2742,Southampton,Ryan,Bertrand,RyanBertrand,Ryan_Bertrand,Ryan_Bertrand,/vaastav/Fantasy-Premier-League/tree/master/data/2017-18/players/Ryan_Bertrand,2017-18,92
326,16,McCarthy,363,,45,2520,Southampton,Alex,McCarthy,AlexMcCarthy,Alex_McCarthy,Alex_McCarthy,/vaastav/Fantasy-Premier-League/tree/master/data/2017-18/players/Alex_McCarthy,2017-18,92
327,16,Oriol Romeu,364,,45,1855,Southampton,Oriol,Romeu Vidal,OriolRomeu Vidal,Oriol_Romeu Vidal,Oriol_Romeu Vidal,/vaastav/Fantasy-Premier-League/tree/master/data/2017-18/players/Oriol_Romeu%20Vidal,2017-18,94
328,16,Redmond,365,,65,2763,Southampton,Nathan,Redmond,NathanRedmond,Nathan_Redmond,Nathan_Redmond,/vaastav/Fantasy-Premier-League/tree/master/data/2017-18/players/Nathan_Redmond,2017-18,92
329,16,Ings,366,,85,2800,Southampton,Danny,Ings,DannyIngs,Danny_Ings,Danny_Ings,/vaastav/Fantasy-Premier-League/tree/master/data/2017-18/players/Danny_Ings,2017-18,89
330,16,Stephens,367,,50,2451,Southampton,Jack,Stephens,JackStephens,Jack_Stephens,Jack_Stephens,/vaastav/Fantasy-Premier-League/tree/master/data/2017-18/players/Jack_Stephens,2017-18,92
333,16,Ward-Prowse,370,,60,3420,Southampton,James,Ward-Prowse,JamesWard-Prowse,James_Ward-Prowse,James_Ward-Prowse,/vaastav/Fantasy-Premier-League/tree/master/data/2017-18/players/James_Ward-Prowse,2017-18,94
334,16,Boufal,372,,55,753,Southampton,Sofiane,Boufal,SofianeBoufal,Sofiane_Boufal,Sofiane_Boufal,/vaastav/Fantasy-Premier-League/tree/master/data/2017-18/players/Sofiane_Boufal,2017-18,92
336,16,Walker-Peters,375,,45,944,Southampton,Kyle,Walker-Peters,KyleWalker-Peters,Kyle_Walker-Peters,Kyle_Walker-Peters,/vaastav/Fantasy-Premier-League/tree/master/data/2017-18/players/Kyle_Walker-Peters,2017-18,94
337,16,Bednarek,376,,45,3057,Southampton,Jan,Bednarek,JanBednarek,Jan_Bednarek,Jan_Bednarek,/vaastav/Fantasy-Premier-League/tree/master/data/2017-18/players/Jan_Bednarek,2017-18,91
342,16,Obafemi,381,,50,655,Southampton,Michael,Obafemi,MichaelObafemi,Michael_Obafemi,Michael_Obafemi,/vaastav/Fantasy-Premier-League/tree/master/data/2017-18/players/Michael_Obafemi,2017-18,93
345,17,Lloris,383,,55,1808,Spurs,Hugo,Lloris,HugoLloris,Hugo_Lloris,Hugo_Lloris,/vaastav/Fantasy-Premier-League/tree/master/data/2017-18/players/Hugo_Lloris,2017-18,90
346,17,Rose,384,,50,1753,Spurs,Danny,Rose,DannyRose,Danny_Rose,Danny_Rose,/vaastav/Fantasy-Premier-League/tree/master/data/2017-18/players/Danny_Rose,2017-18,89
347,17,Sissoko,385,,50,2451,Spurs,Moussa,Sissoko,MoussaSissoko,Moussa_Sissoko,Moussa_Sissoko,/vaastav/Fantasy-Premier-League/tree/master/data/2017-18/players/Moussa_Sissoko,2017-18,92
348,17,Alderweireld,386,,55,2957,Spurs,Toby,Alderweireld,TobyAlderweireld,Toby_Alderweireld,Toby_Alderweireld,/vaastav/Fantasy-Premier-League/tree/master/data/2017-18/players/Toby_Alderweireld,2017-18,94
349,17,Lamela,387,,60,1203,Spurs,Erik,Lamela,ErikLamela,Erik_Lamela,Erik_Lamela,/vaastav/Fantasy-Premier-League/tree/master/data/2017-18/players/Erik_Lamela,2017-18,90
350,17,Kane,388,,105,2588,Spurs,Harry,Kane,HarryKane,Harry_Kane,Harry_Kane,/vaastav/Fantasy-Premier-League/tree/master/data/2017-18/players/Harry_Kane,2017-18,89
351,17,Aurier,389,,55,2699,Spurs,Serge,Aurier,SergeAurier,Serge_Aurier,Serge_Aurier,/vaastav/Fantasy-Premier-League/tree/master/data/2017-18/players/Serge_Aurier,2017-18,91
352,17,Son,390,,90,2478,Spurs,Heung-Min,Son,Heung-MinSon,Heung-Min_Son,Heung-Min_Son,/vaastav/Fantasy-Premier-League/tree/master/data/2017-18/players/Heung-Min_Son,2017-18,92
353,17,Dier,391,,50,1340,Spurs,Eric,Dier,EricDier,Eric_Dier,Eric_Dier,/vaastav/Fantasy-Premier-League/tree/master/data/2017-18/players/Eric_Dier,2017-18,88
354,17,Lucas Moura,392,,70,2235,Spurs,Lucas,Rodrigues Moura da Silva,LucasRodrigues Moura da Silva,Lucas_Rodrigues Moura da Silva,Lucas_Rodrigues Moura da Silva,/vaastav/Fantasy-Premier-League/tree/master/data/2017-18/players/Lucas_Rodrigues%20Moura%20da%20Silva,2017-18,97
355,17,Gazzaniga,393,,45,1612,Spurs,Paulo,Gazzaniga,PauloGazzaniga,Paulo_Gazzaniga,Paulo_Gazzaniga,/vaastav/Fantasy-Premier-League/tree/master/data/2017-18/players/Paulo_Gazzaniga,2017-18,93
356,17,Alli,394,,80,1845,Spurs,Bamidele,Alli,BamideleAlli,Bamidele_Alli,Bamidele_Alli,/vaastav/Fantasy-Premier-League/tree/master/data/2017-18/players/Bamidele_Alli,2017-18,92
357,17,Davies,395,,50,1430,Spurs,Ben,Davies,BenDavies,Ben_Davies,Ben_Davies,/vaastav/Fantasy-Premier-League/tree/master/data/2017-18/players/Ben_Davies,2017-18,89
358,17,Højbjerg,396,,50,2750,Spurs,Pierre-Emile,Højbjerg,Pierre-EmileHøjbjerg,Pierre-Emile_Højbjerg,Pierre-Emile_Højbjerg,/vaastav/Fantasy-Premier-League/tree/master/data/2017-18/players/Pierre-Emile_H%C3%B8jbjerg,2017-18,95
359,17,Winks,397,,55,2223,Spurs,Harry,Winks,HarryWinks,Harry_Winks,Harry_Winks,/vaastav/Fantasy-Premier-League/tree/master/data/2017-18/players/Harry_Winks,2017-18,90
360,17,Sánchez,398,,55,2431,Spurs,Davinson,Sánchez,DavinsonSánchez,Davinson_Sánchez,Davinson_Sánchez,/vaastav/Fantasy-Premier-League/tree/master/data/2017-18/players/Davinson_S%C3%A1nchez,2017-18,93
366,17,Foyth,406,,45,66,Spurs,Juan,Foyth,JuanFoyth,Juan_Foyth,Juan_Foyth,/vaastav/Fantasy-Premier-League/tree/master/data/2017-18/players/Juan_Foyth,2017-18,89
368,17,Hart,482,100.0,45,0,Spurs,Joe,Hart,JoeHart,Joe_Hart,Joe_Hart,/vaastav/Fantasy-Premier-League/tree/master/data/2017-18/players/Joe_Hart,2017-18,86
369,18,Gibbs,407,,45,0,West Brom,Kieran,Gibbs,KieranGibbs,Kieran_Gibbs,Kieran_Gibbs,/vaastav/Fantasy-Premier-League/tree/master/data/2017-18/players/Kieran_Gibbs,2017-18,91
370,18,Robson-Kanu,408,,55,0,West Brom,Hal,Robson-Kanu,HalRobson-Kanu,Hal_Robson-Kanu,Hal_Robson-Kanu,/vaastav/Fantasy-Premier-League/tree/master/data/2017-18/players/Hal_Robson-Kanu,2017-18,93
371,18,Livermore,409,,50,0,West Brom,Jake,Livermore,JakeLivermore,Jake_Livermore,Jake_Livermore,/vaastav/Fantasy-Premier-League/tree/master/data/2017-18/players/Jake_Livermore,2017-18,92
373,18,Phillips,411,,55,0,West Brom,Matt,Phillips,MattPhillips,Matt_Phillips,Matt_Phillips,/vaastav/Fantasy-Premier-League/tree/master/data/2017-18/players/Matt_Phillips,2017-18,92
374,18,Bartley,412,,45,0,West Brom,Kyle,Bartley,KyleBartley,Kyle_Bartley,Kyle_Bartley,/vaastav/Fantasy-Premier-League/tree/master/data/2017-18/players/Kyle_Bartley,2017-18,91
376,18,Hegazi,414,,45,0,West Brom,Ahmed El-Sayed,Hegazy,Ahmed El-SayedHegazy,Ahmed El-Sayed_Hegazi,Ahmed El-Sayed_Hegazi,/vaastav/Fantasy-Premier-League/tree/master/data/2017-18/players/Ahmed%20El-Sayed_Hegazi,2017-18,95
377,18,Austin,415,,55,0,West Brom,Charlie,Austin,CharlieAustin,Charlie_Austin,Charlie_Austin,/vaastav/Fantasy-Premier-League/tree/master/data/2017-18/players/Charlie_Austin,2017-18,92
381,18,Leko,420,0.0,45,0,West Brom,Jonathan,Leko,JonathanLeko,Jonathan_Leko,Jonathan_Leko,/vaastav/Fantasy-Premier-League/tree/master/data/2017-18/players/Jonathan_Leko,2017-18,92
384,18,Field,423,,50,0,West Brom,Sam,Field,SamField,Sam_Field,Sam_Field,/vaastav/Fantasy-Premier-League/tree/master/data/2017-18/players/Sam_Field,2017-18,88
385,18,Burke,424,,45,0,West Brom,Oliver,Burke,OliverBurke,Oliver_Burke,Oliver_Burke,/vaastav/Fantasy-Premier-League/tree/master/data/2017-18/players/Oliver_Burke,2017-18,91
387,18,Harper,426,,45,0,West Brom,Rekeem,Harper,RekeemHarper,Rekeem_Harper,Rekeem_Harper,/vaastav/Fantasy-Premier-League/tree/master/data/2017-18/players/Rekeem_Harper,2017-18,92
389,19,Noble,427,,50,2675,West Ham,Mark,Noble,MarkNoble,Mark_Noble,Mark_Noble,/vaastav/Fantasy-Premier-League/tree/master/data/2017-18/players/Mark_Noble,2017-18,89
390,19,Snodgrass,428,,60,1504,West Ham,Robert,Snodgrass,RobertSnodgrass,Robert_Snodgrass,Robert_Snodgrass,/vaastav/Fantasy-Premier-League/tree/master/data/2017-18/players/Robert_Snodgrass,2017-18,93
392,19,Randolph,430,,45,180,West Ham,Darren,Randolph,DarrenRandolph,Darren_Randolph,Darren_Randolph,/vaastav/Fantasy-Premier-League/tree/master/data/2017-18/players/Darren_Randolph,2017-18,93
393,19,Fabianski,431,,50,2117,West Ham,Lukasz,Fabianski,LukaszFabianski,Lukasz_Fabianski,Lukasz_Fabianski,/vaastav/Fantasy-Premier-League/tree/master/data/2017-18/players/Lukasz_Fabianski,2017-18,93
394,19,Ogbonna,432,,50,2786,West Ham,Angelo,Ogbonna,AngeloOgbonna,Angelo_Ogbonna,Angelo_Ogbonna,/vaastav/Fantasy-Premier-League/tree/master/data/2017-18/players/Angelo_Ogbonna,2017-18,92
396,19,Wilshere,434,,50,209,West Ham,Jack,Wilshere,JackWilshere,Jack_Wilshere,Jack_Wilshere,/vaastav/Fantasy-Premier-League/tree/master/data/2017-18/players/Jack_Wilshere,2017-18,92
397,19,Cresswell,435,,50,2727,West Ham,Aaron,Cresswell,AaronCresswell,Aaron_Cresswell,Aaron_Cresswell,/vaastav/Fantasy-Premier-League/tree/master/data/2017-18/players/Aaron_Cresswell,2017-18,93
399,19,Antonio,437,,65,1767,West Ham,Michail,Antonio,MichailAntonio,Michail_Antonio,Michail_Antonio,/vaastav/Fantasy-Premier-League/tree/master/data/2017-18/players/Michail_Antonio,2017-18,93
401,19,Lanzini,439,,65,1370,West Ham,Manuel,Lanzini,ManuelLanzini,Manuel_Lanzini,Manuel_Lanzini,/vaastav/Fantasy-Premier-League/tree/master/data/2017-18/players/Manuel_Lanzini,2017-18,92
404,19,Masuaku,442,,45,930,West Ham,Arthur,Masuaku,ArthurMasuaku,Arthur_Masuaku,Arthur_Masuaku,/vaastav/Fantasy-Premier-League/tree/master/data/2017-18/players/Arthur_Masuaku,2017-18,92
405,19,Hugill,444,0.0,55,0,West Ham,Jordan,Hugill,JordanHugill,Jordan_Hugill,Jordan_Hugill,/vaastav/Fantasy-Premier-League/tree/master/data/2017-18/players/Jordan_Hugill,2017-18,92
407,19,Diangana,446,,55,0,West Ham,Grady,Diangana,GradyDiangana,Grady_Diangana,Grady_Diangana,/vaastav/Fantasy-Premier-League/tree/master/data/2017-18/players/Grady_Diangana,2017-18,92
409,19,Rice,448,,50,3420,West Ham,Declan,Rice,DeclanRice,Declan_Rice,Declan_Rice,/vaastav/Fantasy-Premier-League/tree/master/data/2017-18/players/Declan_Rice,2017-18,90
411,19,Johnson,452,,40,270,West Ham,Ben,Johnson,BenJohnson,Ben_Johnson,Ben_Johnson,/vaastav/Fantasy-Premier-League/tree/master/data/2017-18/players/Ben_Johnson,2017-18,90
